province,rptn,rptm,corpId,corpName,C1,C2,C3,C4,C5,C6,C7,C8,C9,C10,C11,C9_avg,C10_avg,C11_avg
安徽省,2015,12,83528,安徽天英宝鼎典当有限公司, 0.0,-0.001279008,-0.000861478, 20.518, 6.448,-0.000861478, 0.0, 0.0, 0.0, 0.0, 0.0, 0.097721032, 0.672849331, 0.726333192
安徽省,2015,12,61401,安徽恒联典当有限公司, 0.056951094,-0.004452876,-0.00920988,-1.19514196, 3.8476,-0.009766068, 0.0, 0.0, 0.0, 0.642478428, 0.846938776, 0.097721032, 0.672849331, 0.726333192
安徽省,2015,12,59643,庐江县邦信典当有限责任公司, 0.064347693, 0.077884456, 0.092131869, 0.556356299, 8.48, 0.073847627, 0.0, 0.0, 0.0, 0.606132075, 0.0, 0.097721032, 0.672849331, 0.726333192
安徽省,2015,12,59649,安徽金信典当有限公司, 0.053367404, 0.006275877, 0.026176967, 0.280949689, 12.155, 0.020734966, 0.0, 0.0, 0.0, 1.0, 0.0, 0.097721032, 0.672849331, 0.726333192
安徽省,2015,12,82820,黟县雅弘典当有限公司, 0.000892508, 0.009204471, 0.014729642,-0.041266252, 1.256666667, 0.01105873, 0.0, 0.0, 0.0, 0.684350133, 0.518518519, 0.097721032, 0.672849331, 0.726333192
安徽省,2015,12,74095,安徽潜山县正和典当有限公司, 0.007217348,-0.028431315,-0.030071172,-3.202444988, 0.982,-0.030289784, 0.0, 0.0, 0.0, 0.470468432, 0.0, 0.097721032, 0.672849331, 0.726333192
安徽省,2015,12,1920,阜阳市信和典当有限责任公司, 0.004663368, 0.034201448, 0.035757758, 0.614671815, 3.6875, 0.033209453, 0.0, 0.0, 0.0, 0.133966102, 0.0, 0.097721032, 0.672849331, 0.726333192
安徽省,2015,12,90742,安徽及时雨典当有限公司, 0.035968139, 0.0, 0.005642661, 0.0, 2.4900734, 0.005050364, 0.000966138, 0.0, 0.0, 0.564947202, 0.0, 0.097721032, 0.672849331, 0.726333192
安徽省,2015,12,34543,安徽汇鑫源典当有限公司, 0.010408484, 0.043403748, 0.049757195, 0.407407407, 7.0, 0.037705894, 0.0, 0.0, 0.0, 0.0, 0.0, 0.097721032, 0.672849331, 0.726333192
安徽省,2015,12,1921,合肥市广源典当有限责任公司, 0.000968423,-0.004872661,-0.002894387,-0.892996694, 7.85365,-0.003877447, 0.0, 0.0, 0.0, 0.995842697, 0.0, 0.097721032, 0.672849331, 0.726333192
安徽省,2015,12,32017,淮南市华盛典当有限责任公司, 0.000575705, 0.000768197, 0.00115141,-0.692307692, 2.828, 0.000768049, 0.0, 0.0, 0.0, 1.0, 0.0, 0.097721032, 0.672849331, 0.726333192
安徽省,2015,12,61846,滁州中都典当有限公司, 0.001005432, 0.11085954, 0.021399783,-0.405178649, 1.44424, 0.0160656, 0.0, 0.0, 0.0, 0.527543899, 0.576834609, 0.097721032, 0.672849331, 0.726333192
安徽省,2015,12,16215,滁州市东方典当有限公司, 0.029722217, 0.027664142, 0.018603949, 0.053571429, 1.702, 0.014114242, 0.0, 0.0, 0.0, 0.804151978, 0.0, 0.097721032, 0.672849331, 0.726333192
安徽省,2015,12,619,安徽省金泰典当有限责任公司, 0.034370646,-0.033662478, 0.028332559,-0.553398058, 2.312, 0.022126022, 0.0, 0.0, 0.0, 1.0, 0.0, 0.097721032, 0.672849331, 0.726333192
安徽省,2015,12,82811,滁州市瑞银典当有限公司, 0.000385236, 0.000443218, 0.009897367,-0.750356947, 1.033, 0.007299833, 0.0, 0.0, 0.0, 0.92578251, 0.763332171, 0.097721032, 0.672849331, 0.726333192
安徽省,2015,12,10129,安徽盛源典当有限责任公司, 0.013164932,-0.006498079, 0.001552985,-1.370967742, 2.341891892, 0.001201515, 0.0, 0.0, 0.0, 0.219272937, 0.0, 0.097721032, 0.672849331, 0.726333192
安徽省,2015,12,67033,黄山汇金典当有限责任公司, 0.313055405,-0.145577037, 0.034582629,-2.491728836, 2.41935, 0.042709088, 0.0, 0.0, 0.341196782, 0.44824023, 0.0, 0.097721032, 0.672849331, 0.726333192
安徽省,2015,12,50112,铜陵铜都典当有限公司, 0.007949406,-0.007216487,-0.009950767,-1.202113821, 1.149,-0.010030503, 0.0, 0.0, 0.0, 0.91818973, 0.0, 0.097721032, 0.672849331, 0.726333192
安徽省,2015,12,32641,安徽长运典当有限责任公司, 0.017244618,-0.121649505, 0.059797462,-0.58305615, 6.184608, 0.045633318, 0.0, 0.0, 0.0, 0.890696387, 0.992212875, 0.097721032, 0.672849331, 0.726333192
安徽省,2015,12,59466,涡阳县宏源典当有限公司, 0.002699937, 0.00809665, 0.000443442,-0.666632653, 7.925, 0.000333405, 0.0, 0.0, 0.0, 0.206309148, 0.0, 0.097721032, 0.672849331, 0.726333192
安徽省,2015,12,10104,安徽中泰创展典当有限公司, 0.0500042, 0.066408408, 0.02083869,-0.458338991, 1.486857143, 0.016034985, 0.0, 0.0, 0.0, 0.767486549, 0.618468757, 0.097721032, 0.672849331, 0.726333192
安徽省,2015,12,50840,黄山市昱城典当有限公司, 0.003163897, 0.018190586, 0.011859879,-0.027950311, 5.8388, 0.011897522, 0.0, 0.0, 0.0, 0.615674454, 0.0, 0.097721032, 0.672849331, 0.726333192
安徽省,2015,12,82909,蚌埠华芳典当有限公司, 0.005908138, 0.046678636, 0.046693349,-14.142857143, 1.048, 0.035269312, 0.0, 0.0, 0.0, 1.0, 1.009633911, 0.097721032, 0.672849331, 0.726333192
安徽省,2015,12,74216,黄山金茂典当有限公司, 0.005462185, 0.099655052, 0.114585012, 1.106815296, 1.760666667, 0.086410751, 0.0, 0.0, 0.0, 0.204468005, 0.0, 0.097721032, 0.672849331, 0.726333192
安徽省,2015,12,33530,安徽银丰典当有限公司, 0.096959561, 0.041262288, 0.009264131,-0.737624498, 10.1155, 0.007345566, 0.0, 0.0, 0.0, 0.704364589, 0.0, 0.097721032, 0.672849331, 0.726333192
安徽省,2015,12,50847,安徽省宁国华信典当有限公司, 0.006590643,-0.058375292,-0.06143973, 0.761133501, 1.74,-0.061847344, 0.0, 0.0, 0.0, 0.0, 0.0, 0.097721032, 0.672849331, 0.726333192
安徽省,2015,12,59623,黄山市银达典当有限公司, 0.044139779,-0.064573937, 0.180030038,-0.141036788, 3.556626506, 0.141257406, 0.0, 0.0, 0.0, 0.936201445, 0.796580039, 0.097721032, 0.672849331, 0.726333192
安徽省,2015,12,606,安徽省信邦典当行有限公司, 0.014566909, 0.209563427, 0.02896037,-0.592726571, 3.7151, 0.023222556, 0.0, 0.0, 0.0, 0.934333627, 0.392272237, 0.097721032, 0.672849331, 0.726333192
安徽省,2015,12,32866,黄山中银典当有限公司, 0.025754612, 0.015343277, 0.019809765,-0.561030869, 2.0, 0.015255005, 0.0, 0.0, 0.0, 1.0, 0.0, 0.097721032, 0.672849331, 0.726333192
安徽省,2015,12,61455,天长市中安典当有限责任公司, 0.005124361, 0.00934839, 0.012347811,-0.307408459, 3.0, 0.009309513, 0.0, 0.0, 0.0, 1.0, 0.0, 0.097721032, 0.672849331, 0.726333192
安徽省,2015,12,82818,明光市国融典当有限公司, 0.0,-0.002135695,-0.002136917,-0.20349563, 0.113333333,-0.002136917, 0.0, 0.0, 0.0, 0.0, 0.0, 0.097721032, 0.672849331, 0.726333192
安徽省,2015,12,90765,安徽博海典当有限公司, 0.003432136, 0.0,-0.038724561, 0.0, 1.234243176,-0.038857927, 0.0, 0.0, 0.0, 0.305589063, 0.0, 0.097721032, 0.672849331, 0.726333192
安徽省,2015,12,59627,铜陵市隆鼎典当有限责任公司, 0.002488782, 0.012310805, 0.011934839,-0.353007946, 2.36464, 0.010773825, 0.0, 0.0, 0.0, 0.317173016, 0.0, 0.097721032, 0.672849331, 0.726333192
安徽省,2015,12,1907,安徽国信典当有限责任公司, 0.000411126,-0.001871628, 0.000381044,-0.44, 1.23595, 0.000280885, 0.0, 0.0, 0.0, 1.0, 0.231136382, 0.097721032, 0.672849331, 0.726333192
安徽省,2015,12,33493,安徽雅园典当有限公司, 0.000092984,-0.051031413,-0.052701181, 23.180094787, 0.8256,-0.052716414, 0.0, 0.0, 0.0, 0.925024225, 0.0, 0.097721032, 0.672849331, 0.726333192
安徽省,2015,12,82942,安徽金润典当有限公司, 0.030112231, 0.016468888, 0.000286728,-0.855500821, 1.954862, 0.00017578, 0.006453695, 0.0, 0.0, 0.204618024, 1.0, 0.097721032, 0.672849331, 0.726333192
安徽省,2015,12,1919,滁州裕恒典当有限责任公司, 0.366764995,-0.065257353, 0.009832842,-0.357142857, 1.264, 0.013975155, 0.05, 0.0, 0.0, 1.0, 0.0, 0.097721032, 0.672849331, 0.726333192
安徽省,2015,12,67109,安徽省合肥市中基典当有限公司, 0.024381863, 0.013488109,-0.023152864, 0.414979106, 1.103705455,-0.024450349, 0.854687989, 0.755761583, 0.0, 0.60144505, 0.815451986, 0.097721032, 0.672849331, 0.726333192
安徽省,2015,12,16219,淮北永利典当有限公司,-0.000368615,-0.006480163,-0.006061661,-2.184, 0.15192,-0.006059427, 0.0, 0.0, 0.0, 0.987361769, 0.0, 0.097721032, 0.672849331, 0.726333192
安徽省,2015,12,32766,黄山华澳典当行有限责任公司, 0.001813829,-0.027654321,-0.025502431,-2.923392613, 1.1495,-0.025548772, 0.76433121, 0.0, 0.0, 1.0, 0.0, 0.097721032, 0.672849331, 0.726333192
安徽省,2015,12,74223,安徽易诚典当有限公司, 0.001959504,-0.051425031, 0.019595036,-0.79245283, 4.161333333, 0.014397906, 0.0, 0.0, 0.0, 0.932393464, 0.0, 0.097721032, 0.672849331, 0.726333192
安徽省,2015,12,74143,淮南市泽丰典当有限公司, 0.012015406,-0.007072548,-0.000846712,-2.713333333, 1.775,-0.000857009, 0.0, 0.0, 0.340909091, 0.707042254, 0.482758621, 0.097721032, 0.672849331, 0.726333192
安徽省,2015,12,66598,滁州瑞鸿典当有限公司, 0.006008968, 0.003118684, 0.003775199,-0.156062425, 7.253666667, 0.002309696, 0.0, 0.0, 0.0, 1.0, 0.640475404, 0.097721032, 0.672849331, 0.726333192
安徽省,2015,12,74191,合肥中财典当有限公司, 0.038993545, 0.006440696, 0.000358386,-0.951513067, 4.984431138, 0.000279696, 0.104385423, 0.020302739, 0.0, 0.465801698, 0.727403156, 0.097721032, 0.672849331, 0.726333192
安徽省,2015,12,59614,安徽深安典当有限责任公司, 0.021941373,-0.148557764, 0.087063367, 3.756410256, 1.06, 0.066570967, 0.0, 0.0, 0.0, 0.820754717, 1.0, 0.097721032, 0.672849331, 0.726333192
安徽省,2015,12,50845,安徽天童典当有限公司, 0.000983428, 0.0103082, 0.003177933,-0.9958117, 4.17694, 0.000374502, 0.0, 0.0, 0.0, 0.805958429, 0.0, 0.097721032, 0.672849331, 0.726333192
安徽省,2015,12,1996,安徽省阜南县忠诚典当有限公司, 0.012681159,-0.261044177, 0.018115942,-0.526315789, 0.864, 0.016513761, 0.0, 0.0, 0.0, 1.0, 0.0, 0.097721032, 0.672849331, 0.726333192
安徽省,2015,12,83717,太湖县多滴典当有限公司, 0.005795644,-0.010176684, 0.000760844,-0.710900474, 1.61, 0.000405931, 0.0, 0.0, 0.0, 0.596273292, 0.0, 0.097721032, 0.672849331, 0.726333192
安徽省,2015,12,50852,无为邦诺典当有限责任公司, 0.0, 0.005392677, 0.012845826,-0.684119053, 2.873, 0.011622795, 0.0, 0.0, 0.0, 0.024364775, 0.0, 0.097721032, 0.672849331, 0.726333192
安徽省,2015,12,10133,马鞍山市银泰典当有限公司, 0.00554371, 0.00816853, 0.018336887,-0.288888889, 5.5595, 0.013722127, 0.688657407, 0.0, 0.0, 0.975357496, 0.0, 0.097721032, 0.672849331, 0.726333192
安徽省,2015,12,3986,安徽省中徽典当有限责任公司,-0.00008051,-0.02344894,-0.023619512, 0.732103321, 1.07788,-0.02361761, 0.0, 0.0, 0.0, 0.659628159, 0.0, 0.097721032, 0.672849331, 0.726333192
安徽省,2015,12,74125,安徽安杰典当有限公司, 0.000753602,-0.004303819, 0.001430848, 0.117647059, 2.745874587, 0.001063781, 0.0, 0.0, 0.0, 0.994591346, 0.71024735, 0.097721032, 0.672849331, 0.726333192
安徽省,2015,12,61566,安徽泰升典当有限公司, 0.023202287, 0.001742368, 0.043435787, 0.010142923, 3.4175, 0.032066387, 0.0, 0.0, 0.0, 0.707388442, 0.0, 0.097721032, 0.672849331, 0.726333192
安徽省,2015,12,61559,安徽金鸣典当有限责任公司, 0.000112177,-0.072386034,-0.030444256,-1.633470081, 0.883,-0.030447672, 0.0, 0.0, 0.0, 1.0, 0.923367308, 0.097721032, 0.672849331, 0.726333192
安徽省,2015,12,16226,宣城升信典当有限责任公司, 0.001808352,-0.028085152,-0.025089341,-1.578291317, 0.708333333,-0.025442894, 1.0, 0.0, 0.0, 1.0, 0.0, 0.097721032, 0.672849331, 0.726333192
安徽省,2015,12,10131,蚌埠市华运典当有限公司, 0.000710013, 0.021165001, 0.025651097,-0.183662573, 1.6367, 0.023114484, 0.0, 0.0, 0.0, 0.12728865, 0.0, 0.097721032, 0.672849331, 0.726333192
安徽省,2015,12,66960,安徽景鸿典当有限公司, 0.0, 0.010231023, 0.013067625, 0.523809524, 1.015333333, 0.0104541, 0.462902167, 0.0, 0.0, 0.548260013, 0.0, 0.097721032, 0.672849331, 0.726333192
安徽省,2015,12,61614,合肥华元典当有限公司, 0.050157907, 0.004052156,-0.002684094,-1.063791573, 1.371,-0.002825832, 0.0, 0.0, 0.0, 0.47702407, 0.990993309, 0.097721032, 0.672849331, 0.726333192
安徽省,2015,12,82816,安徽华强典当有限责任公司, 0.000020004, 0.0,-0.000100018, 0.0, 0.00047,-0.00010002, 0.0, 0.0, 0.0, 0.0, 0.0, 0.097721032, 0.672849331, 0.726333192
安徽省,2015,12,83675,安徽鼎银永昌典当有限公司, 0.002951833,-0.021945539,-0.019634466,-2.33669976, 1.6125,-0.019692595, 0.805194805, 0.015503876, 0.25974026, 0.108527132, 0.0, 0.097721032, 0.672849331, 0.726333192
安徽省,2015,12,67035,休宁县麒麟典当有限公司, 0.084999592, 0.02328837, 0.034762677,-0.222162162, 2.2063, 0.028496178, 0.0, 0.0, 0.0, 0.0, 0.0, 0.097721032, 0.672849331, 0.726333192
安徽省,2015,12,61640,安徽永利典当有限公司, 0.006585446,-0.000986842,-0.001649654,-0.880714286, 1.244333333,-0.00166059, 0.0, 0.0, 0.0, 0.0, 0.0, 0.097721032, 0.672849331, 0.726333192
安徽省,2015,12,1916,安徽振安典当有限责任公司, 0.17601265,-0.025952357,-0.017298722,-8.158798283, 0.82682,-0.021339338, 0.0, 0.0, 0.0, 0.98772002, 0.0, 0.097721032, 0.672849331, 0.726333192
安徽省,2015,12,61439,池州安华典当有限责任公司, 0.000665465,-0.042119818,-0.043030018,-57.797297297, 0.97161,-0.043058672, 0.0, 0.0, 0.0, 0.828521732, 0.0, 0.097721032, 0.672849331, 0.726333192
安徽省,2015,12,16204,安徽恒惠典当有限责任公司, 0.0,-0.001886792,-0.002173913,-1.159722222, 0.668,-0.0023, 0.0, 0.0, 0.0, 0.943113772, 0.0, 0.097721032, 0.672849331, 0.726333192
安徽省,2015,12,34516,芜湖繁昌金元典当有限责任公司, 0.302023121,-0.009660107,-0.007225434, 0.666666667, 2.414666667,-0.010351967, 0.0, 0.0, 0.0, 0.741303147, 0.0, 0.097721032, 0.672849331, 0.726333192
安徽省,2015,12,63143,安徽正诚典当有限责任公司, 0.002364961,-0.002787164,-0.002757563,-0.7915804, 0.7251,-0.002829689, 0.937801683, 0.0, 0.0, 0.593021652, 0.697674419, 0.097721032, 0.672849331, 0.726333192
安徽省,2015,12,90821,安徽省博原典当有限公司, 0.000534722, 0.0,-0.009443385, 0.0, 0.2,-0.009448437, 0.0, 0.0, 0.0, 1.0, 0.0, 0.097721032, 0.672849331, 0.726333192
安徽省,2015,12,1918,巢湖市金鑫典当有限责任公司, 0.054041516, 0.035823917,-0.005553229,-11.492857143, 12.844445,-0.006994106, 0.0, 0.0, 0.0, 0.9851609, 0.0, 0.097721032, 0.672849331, 0.726333192
安徽省,2015,12,50109,马鞍山国元典当有限责任公司, 0.48391298, 0.094386215, 0.046109157,-0.324525186, 3.805595, 0.065899946, 0.033177746, 0.0, 0.0, 0.676586053, 0.533883471, 0.097721032, 0.672849331, 0.726333192
安徽省,2015,12,16202,安徽博文典当有限公司, 0.01309128,-0.028334836, 0.105485428,-0.282167563, 2.886, 0.079846105, 0.0, 0.0, 0.0, 0.773042273, 0.241212333, 0.097721032, 0.672849331, 0.726333192
安徽省,2015,12,656,界首市鑫安典当有限责任公司, 0.094873306, 0.022289157, 0.029080731,-0.051282051, 2.049, 0.022017257, 0.0, 0.0, 0.0, 0.351390922, 0.303643725, 0.097721032, 0.672849331, 0.726333192
安徽省,2015,12,67098,安徽恒石典当有限公司, 0.006253729,-0.019852032,-0.026402762,-0.200998612, 0.883137255,-0.026568917, 0.0, 0.0, 0.0, 0.50044405, 0.409069659, 0.097721032, 0.672849331, 0.726333192
安徽省,2015,12,1912,安徽省龙人典当有限责任公司,-0.001210708,-0.349068385,-0.003067126,-0.895630462, 0.365,-0.003063417, 0.0, 0.0, 0.0, 0.0, 0.0, 0.097721032, 0.672849331, 0.726333192
安徽省,2015,12,82842,安徽中隆典当有限公司, 0.0, 0.0,-0.00107694, 0.0, 4.97,-0.001032049, 0.0, 0.0, 0.0, 0.244802146, 0.967741935, 0.097721032, 0.672849331, 0.726333192
安徽省,2015,12,50776,黄山市天龙典当有限公司, 0.037130611, 0.059518535, 0.025369389, 5.333333333, 1.19416, 0.023723784, 0.0, 0.0, 0.0, 0.991625913, 0.0, 0.097721032, 0.672849331, 0.726333192
安徽省,2015,12,1922,安徽国盛典当有限责任公司, 0.001735768,-0.002149791, 0.002366101,-0.484972678, 1.187275, 0.001776484, 0.0, 0.0, 0.0, 0.169463688, 0.0, 0.097721032, 0.672849331, 0.726333192
安徽省,2015,12,1915,安徽兴泰典当有限责任公司, 0.26941605, 0.568527349, 0.09009533,-0.079242915, 2.2943, 0.092489709, 0.0, 0.0, 0.0, 0.406732627, 0.85984252, 0.097721032, 0.672849331, 0.726333192
安徽省,2015,12,82753,安徽威盛典当有限责任公司, 0.0,-0.001258072,-0.001079228,-0.16966581, 0.005,-0.001079228, 0.0, 0.0, 0.0, 1.0, 0.0, 0.097721032, 0.672849331, 0.726333192
安徽省,2015,12,652,淮北市恒昌隆典当有限责任公司, 0.194703797,-0.00349384,-0.002660458,-7.266129032, 0.49933,-0.003725654, 0.0, 0.0, 0.0, 0.893397152, 0.0, 0.097721032, 0.672849331, 0.726333192
安徽省,2015,12,67449,马鞍山市海外海典当有限公司, 0.023915145,-0.03045918,-0.017032947,-3.583948339, 1.227641935,-0.017450246, 0.0, 0.0, 0.0, 0.936755227, 0.924437892, 0.097721032, 0.672849331, 0.726333192
安徽省,2015,12,67343,芜湖瑞丰典当有限公司, 0.001985244,-0.433709442, 0.056516717,-0.437078028, 2.38, 0.052694, 0.0, 0.0, 0.0, 0.0, 0.0, 0.097721032, 0.672849331, 0.726333192
安徽省,2015,12,50302,安徽瑞丰典当有限公司, 0.00502614,-0.410245467, 0.035153442, 44.168067227, 5.775648949, 0.026593508, 0.0, 0.0, 0.0, 0.0, 0.0, 0.097721032, 0.672849331, 0.726333192
安徽省,2015,12,90831,安徽东方摩根典当有限公司, 0.002651007, 0.0,-0.009723154, 0.0, 0.9625,-0.009658333, 0.0, 0.0, 0.0, 0.519480519, 0.0, 0.097721032, 0.672849331, 0.726333192
安徽省,2015,12,33537,安徽九鼎典当有限公司, 0.015419499, 0.077503141, 0.099269284,-0.154243729, 10.769906667, 0.070724426, 0.0, 0.0, 0.0, 0.953230173, 0.0, 0.097721032, 0.672849331, 0.726333192
安徽省,2015,12,90781,安徽国恒典当有限公司, 0.0, 0.0,-0.000765152, 0.0, 0.992246667,-0.000763333, 0.0, 0.0, 0.0, 0.291923379, 0.851573109, 0.097721032, 0.672849331, 0.726333192
安徽省,2015,12,82744,寿县汇丰典当有限公司, 0.0, 0.007446809, 0.008632524, 1.848484848, 1.110666667, 0.007444562, 0.0, 0.0, 0.0, 1.0, 0.0, 0.097721032, 0.672849331, 0.726333192
安徽省,2015,12,50855,安徽安联典当有限公司, 0.0,-0.021903733,-0.018461139,-2.061370806, 0.0,-0.018523524, 0.0, 0.0, 0.0, 0.0, 0.0, 0.097721032, 0.672849331, 0.726333192
安徽省,2015,12,74211,安徽省融誉典当有限公司, 0.000234723,-0.007904192,-0.00720264,-1.682588598, 0.176666667,-0.007429047, 0.0, 0.0, 0.0, 0.0, 0.0, 0.097721032, 0.672849331, 0.726333192
安徽省,2015,12,90846,太和县保兴典当有限公司, 0.003444961, 0.0,-0.01666885, 0.0, 0.94,-0.016726472, 0.0, 0.0, 0.0, 0.957446809, 0.0, 0.097721032, 0.672849331, 0.726333192
安徽省,2015,12,67453,安徽德合典当有限公司, 0.216642375, 0.379630097, 0.13846636, 0.249482999, 3.784726364, 0.132569937, 0.0, 0.0, 0.0, 0.71302753, 0.962660146, 0.097721032, 0.672849331, 0.726333192
安徽省,2015,12,66929,合肥万隆典当有限公司, 0.054612838,-0.022990926,-0.023678714,-0.008447951, 0.536459368,-0.025046578, 0.0, 0.0, 0.0, 0.907407407, 0.963636364, 0.097721032, 0.672849331, 0.726333192
安徽省,2015,12,83718,安庆邦泰典当有限公司, 0.089285483,-0.035476497,-0.028136454,-0.133944588, 3.1,-0.030894922, 0.0, 0.0, 0.0, 0.935483871, 0.0, 0.097721032, 0.672849331, 0.726333192
安徽省,2015,12,16209,安徽融通典当有限公司, 0.007336398,-0.003782778, 0.007505358,-0.418070444, 1.295, 0.006808328, 0.0, 0.0, 0.0, 1.0, 0.0, 0.097721032, 0.672849331, 0.726333192
安徽省,2015,12,73878,安徽金沙典当有限公司, 0.000725077,-0.001439313,-0.001272328, 0.236009732, 0.03767625,-0.001273252, 0.0, 0.0, 0.0, 0.995321987, 1.0, 0.097721032, 0.672849331, 0.726333192
安徽省,2015,12,1913,安徽省源丰典当有限公司, 0.097622143,-0.02580741,-0.033208141,-1.383361127, 0.75942,-0.036800704, 0.0, 0.0, 0.0, 0.438931465, 0.0, 0.097721032, 0.672849331, 0.726333192
安徽省,2015,12,67097,铜陵通宝典当有限责任公司, 0.000801647, 0.024900333, 0.034653014,-0.1081588, 2.96, 0.026010612, 0.0, 0.0, 0.0, 0.614864865, 0.0, 0.097721032, 0.672849331, 0.726333192
安徽省,2015,12,10126,安徽省磐峻典当有限公司, 0.003783386,-0.004397931,-0.004417359,-1.341772152, 1.702,-0.004434135, 0.0, 0.0, 0.0, 1.0, 0.0, 0.097721032, 0.672849331, 0.726333192
安徽省,2015,12,73908,安徽汇豪典当有限公司, 0.013207898, 0.001745422, 0.005011925,-0.943582511, 3.903464052, 0.002868146, 0.0, 0.0, 0.0, 0.914676088, 0.735574869, 0.097721032, 0.672849331, 0.726333192
安徽省,2015,12,61519,安徽省临泉县亨通典当有限公司, 0.002089811,-0.000203842, 0.003958747,-0.363636364, 3.0854, 0.002383668, 0.0, 0.0, 0.0, 0.886756985, 0.0, 0.097721032, 0.672849331, 0.726333192
安徽省,2015,12,10135,芜湖融邦典当有限公司, 0.000529977,-0.007374095,-0.007427036, 1.099895942, 1.031776,-0.007430974, 0.944971445, 0.0, 0.0, 0.513460286, 0.807888617, 0.097721032, 0.672849331, 0.726333192
安徽省,2015,12,10134,天长市长兴典当有限公司, 0.003768388, 0.007131517, 0.008911942,-0.311941511, 1.207135, 0.006709735, 0.654968168, 0.0, 0.0, 0.406893181, 1.0, 0.097721032, 0.672849331, 0.726333192
安徽省,2015,12,50103,安徽荣盛典当有限责任公司, 0.010510499,-0.067500118,-0.026786201,-0.453194533, 0.553637037,-0.027070621, 0.999761149, 0.0, 0.0, 0.98005111, 0.887372014, 0.097721032, 0.672849331, 0.726333192
安徽省,2015,12,61685,芜湖中成典当有限责任公司, 0.008373206, 0.004204204, 0.008672249,-0.333333333, 1.611, 0.004788985, 0.0, 0.0, 0.0, 0.649286158, 0.778021978, 0.097721032, 0.672849331, 0.726333192
安徽省,2015,12,16224,芜湖长江典当有限公司, 0.005093834,-0.016609544, 0.001340483,-1.052083333, 1.533333333, 0.001347346, 0.0, 0.0, 0.0, 1.0, 0.0, 0.097721032, 0.672849331, 0.726333192
安徽省,2015,12,521,淮南市仁信典当有限责任公司, 0.343142407, 0.490503231,-0.012743037,-2.447761194, 3.8302,-0.0194, 0.184876286, 0.0, 0.0, 0.763093311, 0.0, 0.097721032, 0.672849331, 0.726333192
安徽省,2015,12,32541,马鞍山市银河典当有限公司, 0.001520913, 0.004583652, 0.01026616,-0.529411765, 8.978, 0.006092917, 0.0, 0.0, 0.0, 0.940654934, 0.0, 0.097721032, 0.672849331, 0.726333192
安徽省,2015,12,1926,安徽安天典当有限公司, 0.027822101,-0.2710128, 0.015126125,-0.828188191, 1.721833333, 0.011669829, 0.0, 0.0, 0.0, 0.99583777, 0.939657197, 0.097721032, 0.672849331, 0.726333192
安徽省,2015,12,83527,安徽永益典当有限公司  , 0.002740521,-0.000998486, 0.007912045,-0.758602294, 2.566666667, 0.005851735, 0.0, 0.0, 0.0, 1.0, 0.0, 0.097721032, 0.672849331, 0.726333192
安徽省,2015,12,67102,安徽富吉典当有限责任公司, 0.121227601,-0.301830665,-0.010236668,-1.694528302, 1.932566667,-0.011954093, 0.0, 0.0, 0.0, 0.479017541, 0.768071094, 0.097721032, 0.672849331, 0.726333192
安徽省,2015,12,653,黄山市易通行典当有限责任公司, 0.000290119,-0.01567553,-0.020520018, 0.58313253, 1.584636364,-0.02061225, 0.007149189, 0.0, 0.0, 0.961998738, 0.0, 0.097721032, 0.672849331, 0.726333192
安徽省,2015,12,16210,安徽通利典当有限责任公司, 0.001169363,-0.004040939,-0.001754044,-0.941428571, 1.06176, 0.000727273, 0.0, 0.0, 0.0, 0.518007836, 0.0, 0.097721032, 0.672849331, 0.726333192
安徽省,2015,12,651,芜湖市华盛典当有限责任公司, 0.008826925,-0.020514418,-0.02901526, 4.636974038, 1.187757143,-0.029273656, 0.0, 0.0, 0.0, 0.986661535, 0.0, 0.097721032, 0.672849331, 0.726333192
安徽省,2015,12,62191,安徽天一典当有限公司, 0.010837779,-0.025058296,-0.021479357,-2.192427386, 1.02,-0.021714696, 0.0, 0.0, 0.0, 0.558823529, 0.0, 0.097721032, 0.672849331, 0.726333192
安徽省,2015,12,74112,安徽融汇典当有限公司, 0.000062624,-0.000436861, 0.000250466,-0.999513648, 2.129430645, 0.000003154, 0.988855445, 0.0, 0.0, 0.883168074, 0.759183673, 0.097721032, 0.672849331, 0.726333192
安徽省,2015,12,83525,安徽驭鹏典当有限公司 , 0.00439153, 0.033676604, 0.049756708, 1.871040218, 2.069, 0.036643856, 0.09569378, 0.0, 0.0, 0.919445787, 0.614800759, 0.097721032, 0.672849331, 0.726333192
安徽省,2015,12,50108,安徽汇元典当有限公司, 0.146997652,-0.005968855,-0.012411942, 3.743589744, 4.86,-0.014550889, 1.2, 0.0, 0.0, 0.767489712, 0.0, 0.097721032, 0.672849331, 0.726333192
安徽省,2015,12,67106,安徽日上行典当有限责任公司, 0.015949497, 0.007548825, 0.005013256,-2.504522613, 2.860333333, 0.004942649, 0.0, 0.0, 0.0, 0.368954667, 0.433333333, 0.097721032, 0.672849331, 0.726333192
安徽省,2015,12,67450,安徽宝信典当有限公司, 0.026020038, 0.000998043, 0.001248729,-0.861850444, 2.135, 0.001083316, 0.0, 0.0, 0.0, 0.967213115, 0.0, 0.097721032, 0.672849331, 0.726333192
安徽省,2015,12,10101,安徽海川典当有限责任公司, 0.048861526,-0.006010272,-0.054887781,-1038.076923077, 1.64313,-0.057716018, 0.0, 0.0, 0.0, 0.634843256, 0.575402472, 0.097721032, 0.672849331, 0.726333192
安徽省,2015,12,62213,安徽省九鼎典当有限责任公司, 0.014145239, 0.000136753,-0.001498298,-0.406559878, 1.0118,-0.001519795, 0.0, 0.0, 0.0, 0.999980233, 0.988139714, 0.097721032, 0.672849331, 0.726333192
安徽省,2015,12,583,阜阳市正大典当有限责任公司, 0.00063764, 0.009223814, 0.009401109, 0.342925659, 2.68, 0.009161554, 0.0, 0.0, 0.0, 0.120646766, 0.0, 0.097721032, 0.672849331, 0.726333192
安徽省,2015,12,91042,安徽锦融典当有限公司, 0.0, 0.0,-0.003220628, 0.0, 0.0002,-0.00321, 0.0, 0.0, 0.0, 0.0, 0.0, 0.097721032, 0.672849331, 0.726333192
安徽省,2015,12,1917,安徽宝元典当有限责任公司, 0.169101435,-0.168881896,-0.087322224, 72.907063197, 0.845555556,-0.105093723, 1.0, 0.0, 0.0, 0.257555848, 0.0, 0.097721032, 0.672849331, 0.726333192
安徽省,2015,12,50820,安徽泰和典当有限公司, 0.0,-0.012643052,-0.009824484,-134.5, 1.52,-0.009824574, 0.0, 0.0, 0.0, 0.736842105, 0.0, 0.097721032, 0.672849331, 0.726333192
安徽省,2015,12,74270,安徽蓝海典当有限公司, 0.017242868,-0.034257749,-0.009328078,-1.143641618, 0.917,-0.009491979, 0.0, 0.0, 0.0, 0.869138495, 0.963613551, 0.097721032, 0.672849331, 0.726333192
安徽省,2015,12,67113,安徽省舜商典当有限公司, 0.003867178,-0.049672965, 0.000925318,-0.972057811, 1.748936667, 0.000697112, 0.050591055, 0.0, 0.0, 0.524127994, 0.916299998, 0.097721032, 0.672849331, 0.726333192
安徽省,2015,12,1914,安徽芜湖市国元典当有限责任公司, 0.09702458, 0.060613398, 0.104253862,-0.317607973, 2.0777, 0.086549806, 0.0, 0.0, 0.0, 0.417625259, 0.959283388, 0.097721032, 0.672849331, 0.726333192
安徽省,2015,12,90854,阜阳盛祥典当有限公司, 0.005761037, 0.0, 0.01647787, 0.0, 2.7025, 0.01243, 0.0, 0.0, 0.0, 0.962997225, 0.464985994, 0.097721032, 0.672849331, 0.726333192
安徽省,2015,12,531,安庆振风典当有限责任公司, 0.078401362,-0.067694994, 0.129618102,-0.066812946, 2.610953023, 0.105422321, 0.0, 0.0, 0.0, 0.773613767, 0.0, 0.097721032, 0.672849331, 0.726333192
安徽省,2015,12,3987,滁州市皖江典当有限公司, 0.005298896, 0.046645731, 0.044408963, 6.306122449, 1.9294, 0.044204547, 0.0, 0.0, 0.0, 0.991499948, 0.0, 0.097721032, 0.672849331, 0.726333192
安徽省,2015,12,33496,芜湖徽昌典当有限公司, 0.014525064, 0.011855469, 0.017835428,-0.583081571, 1.74, 0.013514969, 0.0, 0.0, 0.0, 0.540229885, 0.0, 0.097721032, 0.672849331, 0.726333192
安徽省,2015,12,10132,亳州市竣基典当有限责任公司, 0.001367098, 0.015520563, 0.016246242,-0.712598566, 2.0918625, 0.015776707, 0.0, 0.0, 0.0, 0.0, 0.0, 0.097721032, 0.672849331, 0.726333192
安徽省,2015,12,61938,淮北市九阳旗典当有限公司, 0.003002423, 0.005478694,-0.013905959, 0.343131713, 6.83,-0.013947837, 0.0, 0.0, 0.0, 0.970717423, 0.0, 0.097721032, 0.672849331, 0.726333192
安徽省,2015,12,82687,安徽同N典当有限公司, 0.039999947, 0.041567583, 0.001241942,-3.668472222, 1.0, 0.001200176, 0.0, 0.0, 0.0, 0.0, 0.0, 0.097721032, 0.672849331, 0.726333192
安徽省,2015,12,526,滁州市信和典当有限责任公司, 0.016362054, 0.066852368, 0.085465622, 0.300353357, 4.04, 0.065121217, 0.0, 0.0, 0.0, 0.291831683, 0.934924078, 0.097721032, 0.672849331, 0.726333192
安徽省,2015,12,50822,合肥市玖号典当有限公司, 0.280123624, 0.390551085, 0.001183819,-0.951471602, 1.845714286, 0.001204646, 0.0, 0.0, 0.0, 1.0, 0.972222222, 0.097721032, 0.672849331, 0.726333192
安徽省,2015,12,10125,安徽庐州典当有限公司, 0.012625474, 0.003571089, 0.000583377,-0.857974389, 1.1319925, 0.000531971, 0.0, 0.0, 0.0, 0.466440811, 0.263325938, 0.097721032, 0.672849331, 0.726333192
安徽省,2015,12,74210,安徽金泉典当有限公司, 0.00037606,-0.000898602, 0.001231597,-0.965452629, 3.050666667, 0.000924829, 0.0, 0.0, 0.0, 1.0, 0.482747501, 0.097721032, 0.672849331, 0.726333192
安徽省,2015,12,90832,安徽万宝赢舜典当有限责任公司,-0.004007213, 0.0, 0.0024444, 0.0, 0.9785, 0.002434158, 0.0, 0.0, 0.0, 0.0, 0.0, 0.097721032, 0.672849331, 0.726333192
安徽省,2015,12,16199,安徽安粮典当有限公司, 0.076892861, 0.101288712, 0.074634194,-0.221311475, 2.436086957, 0.060638298, 0.0, 0.0, 0.0, 0.575138319, 1.0, 0.097721032, 0.672849331, 0.726333192
安徽省,2015,12,61407,安徽和源典当有限公司, 0.01208045, 0.00622116,-0.001656114,-2.09218203, 0.638854,-0.001811868, 0.0, 0.0, 0.0, 0.923528694, 1.0, 0.097721032, 0.672849331, 0.726333192
安徽省,2015,12,61844,绩溪融汇典当有限公司,-0.000304167,-0.025607081,-0.044327284,-231.105263158, 1.418811881,-0.044313805, 0.0, 0.0, 0.0, 0.383810188, 0.0, 0.097721032, 0.672849331, 0.726333192
安徽省,2015,12,66603,安徽信发典当有限公司, 0.050356119, 0.042346061, 0.027882929,-0.239965419, 1.71026, 0.022019307, 0.0, 0.0, 0.0, 1.0, 0.839651324, 0.097721032, 0.672849331, 0.726333192
安徽省,2015,12,34468,安徽省联丰典当有限公司, 0.012091451,-0.144882792,-0.115293835, 3.880609653, 1.92465,-0.116704968, 0.0, 0.0, 0.0, 0.381887616, 0.0, 0.097721032, 0.672849331, 0.726333192
安徽省,2015,12,16213,巢湖诚信典当有限责任公司, 0.008741259, 0.006156552, 0.002622378,-0.714285714, 2.114, 0.001763668, 0.0, 0.0, 0.0, 0.852412488, 0.37704918, 0.097721032, 0.672849331, 0.726333192
安徽省,2015,12,33494,安徽皖信典当有限责任公司, 0.369658546,-0.153195807, 0.000349441,-0.5, 4.567, 0.000395977, 0.57550427, 0.0, 0.0, 0.632275016, 0.880462213, 0.097721032, 0.672849331, 0.726333192
安徽省,2015,12,33519,和县瑞银典当有限责任公司, 0.0, 0.011235955, 0.016666667,-0.2, 3.68, 0.014787431, 0.0, 0.0, 0.0, 1.0, 0.0, 0.097721032, 0.672849331, 0.726333192
安徽省,2015,12,16216,阜阳市金源典当有限公司, 0.001884194, 0.007895117, 0.006628154,-0.521178637, 13.74599, 0.004982943, 0.0, 0.0, 0.0, 0.95606064, 0.0, 0.097721032, 0.672849331, 0.726333192
安徽省,2015,12,61680,安徽大安典当有限公司, 0.030663616,-0.060619089, 0.009107551,-0.957534247, 1.0625, 0.004390935, 0.534759358, 0.235294118, 0.534759358, 0.835294118, 0.291970803, 0.097721032, 0.672849331, 0.726333192
安徽省,2015,12,74186,合肥一元典当有限责任公司, 0.000976252,-0.029188192,-0.00476723,-1.19480315, 1.0719,-0.004954113, 0.0, 0.0, 0.0, 0.559753708, 0.711205237, 0.097721032, 0.672849331, 0.726333192
安徽省,2015,12,82881,安徽盐业典当有限公司, 0.047247898, 0.090499638, 0.13905161, 1.110990336, 1.306275, 0.109204153, 0.026115278, 0.0, 0.0, 0.982947695, 0.982127749, 0.097721032, 0.672849331, 0.726333192
安徽省,2015,12,33541,安徽广发典当有限公司, 0.0, 0.003549798, 0.003840618,-0.25492862, 2.0006, 0.003653333, 0.0, 0.0, 0.0, 0.322569896, 0.783289817, 0.097721032, 0.672849331, 0.726333192
安徽省,2015,12,50817,安徽国泰典当有限责任公司, 0.0,-0.100290774,-0.056197494, 17.804560261, 0.706,-0.056197494, 0.0, 0.0, 0.0, 0.0, 0.0, 0.097721032, 0.672849331, 0.726333192
安徽省,2015,12,90851,阜阳聚源典当有限公司 , 0.000277316, 0.0, 0.005823627, 0.0, 0.472222222, 0.005809129, 0.0, 0.0, 0.0, 1.0, 1.0, 0.097721032, 0.672849331, 0.726333192
安徽省,2015,12,33782,安徽省景辉典当有限公司, 0.002528723,-0.02062901,-0.021255932,-0.303411131, 2.0335,-0.021383301, 0.0, 0.0, 0.0, 0.99827883, 0.0, 0.097721032, 0.672849331, 0.726333192
安徽省,2015,12,527,宣城市国诚典当有限公司, 0.019762846, 0.02310803, 0.033314512, 1.368421053, 3.745, 0.025921659, 0.009195402, 0.003204272, 0.0, 0.546061415, 0.0, 0.097721032, 0.672849331, 0.726333192
安徽省,2015,12,16206,安徽恒隆典当有限公司, 0.002798507, 0.00657277, 0.00625, 0.678571429, 0.612, 0.004396632, 0.0, 0.0, 0.0, 1.0, 0.0, 0.097721032, 0.672849331, 0.726333192
安徽省,2015,12,642,安徽恒信典当有限公司, 0.637981566, 0.148221038, 0.007356534,-0.896984906, 5.460314, 0.013543869, 0.0, 0.0, 0.0, 0.73383527, 0.83714074, 0.097721032, 0.672849331, 0.726333192
安徽省,2015,12,82889,安徽中元典当有限责任公司, 0.0,-0.032696889,-0.03353312, 3.02135393, 0.785789091,-0.03353312, 0.0, 0.0, 0.0, 0.558789775, 0.661157025, 0.097721032, 0.672849331, 0.726333192
安徽省,2015,12,82847,宿州汇丰典当有限公司, 0.011995349, 0.064018707,-0.003778161, 0.37883959, 1.065006667,-0.003824031, 0.0, 0.0, 0.469480629, 0.670167949, 0.891089109, 0.097721032, 0.672849331, 0.726333192
安徽省,2015,12,59803,安徽千城典当有限责任公司, 0.022916667,-0.021905247,-0.03459375,-0.137142857, 0.488,-0.035415778, 0.0, 0.0, 0.0, 0.475409836, 0.0, 0.097721032, 0.672849331, 0.726333192
安徽省,2015,12,50186,黄山挪亚典当有限责任公司,-0.023666102,-0.032645753,-0.023279162, 0.175290391, 2.21117,-0.022740972, 0.0, 0.0, 0.0, 0.0, 0.0, 0.097721032, 0.672849331, 0.726333192
安徽省,2015,12,67467,六安市兴盛典当有限公司, 0.0,-0.02173913,-0.016425121,-2.7, 0.912,-0.017, 0.0, 0.0, 0.0, 1.0, 0.0, 0.097721032, 0.672849331, 0.726333192
安徽省,2015,12,50106,淮北市恒丰典当有限责任公司, 0.000833399,-0.00053547, 0.002956584,-0.126666667, 3.24206, 0.002601581, 0.0, 0.0, 0.0, 0.892210508, 0.0, 0.097721032, 0.672849331, 0.726333192
安徽省,2015,12,1924,太和县鑫丰典当有限责任公司, 0.05987055, 0.012285012, 0.017394822,-0.085714286, 3.440434783, 0.013769363, 0.0, 0.0, 0.0, 0.541766713, 0.0, 0.097721032, 0.672849331, 0.726333192
安徽省,2015,12,66996,安徽新安典当有限公司, 0.033526854,-0.049194693,-0.106170181,-1.42717802, 2.655847619,-0.082432454, 0.0, 0.0, 0.0, 0.749519479, 0.988398347, 0.097721032, 0.672849331, 0.726333192
安徽省,2015,12,50818,安徽省夯实典当有限公司, 0.0207681,-0.006112955,-0.019561953,-1.294103519, 1.038318584,-0.019976834, 0.0, 0.0, 0.0, 0.917497656, 0.0, 0.097721032, 0.672849331, 0.726333192
安徽省,2015,12,67458,安徽唐泰典当有限公司, 0.004064173, 0.070499907, 0.079188114, 0.178621858, 5.3885, 0.066268647, 0.0, 0.0, 0.0, 0.037116081, 0.0, 0.097721032, 0.672849331, 0.726333192
安徽省,2015,12,525,安徽创元典当有限责任公司, 0.032939076,-0.018217639, 0.004552555,-0.945020159, 2.2092, 0.003046107, 0.0, 0.000004527, 0.0, 0.383396705, 0.988198691, 0.097721032, 0.672849331, 0.726333192
安徽省,2015,12,82832,濉溪坤兴典当有限公司, 0.0,-0.077147821, 0.00536362,-1.131357359, 0.765294118, 0.002294118, 0.0, 0.0, 0.0, 0.861644889, 0.0, 0.097721032, 0.672849331, 0.726333192
安徽省,2015,12,16221,黄山金马典当有限公司, 0.023499856, 0.11815599, 0.139018088, 0.042217885, 3.0, 0.10597151, 0.0, 0.0, 0.0, 1.0, 0.0, 0.097721032, 0.672849331, 0.726333192
安徽省,2015,12,82821,定远县鼎盛典当有限公司, 0.005455325, 0.026457356, 0.049660885, 0.938604651, 1.654219048, 0.037448843, 0.088625821, 0.0, 0.0, 0.979745873, 0.372093023, 0.097721032, 0.672849331, 0.726333192
安徽省,2015,12,61637,合肥美时典当有限公司, 0.001894744, 0.033844951, 0.007898666,-0.896224483, 8.43693, 0.005937199, 0.0, 0.0, 0.0, 0.507835789, 0.0, 0.097721032, 0.672849331, 0.726333192
安徽省,2015,12,614,铜陵中兴典当有限责任公司, 0.036519037, 0.016587678, 0.016317016,-0.72, 1.093, 0.016935484, 0.0, 0.0, 0.0, 0.002744739, 0.0, 0.097721032, 0.672849331, 0.726333192
安徽省,2015,12,82815,淮南市德强典当有限公司, 0.000033403,-0.002598701,-0.001970805, 18.666666667, 1.764333333,-0.001970805, 0.0, 0.0, 0.0, 0.995465709, 0.0, 0.097721032, 0.672849331, 0.726333192
安徽省,2015,12,74093,铜陵兴业典当有限公司, 0.0,-0.022015629,-0.017670908,-1.316607063, 1.034,-0.017670908, 0.0, 0.0, 0.0, 0.323017408, 0.0, 0.097721032, 0.672849331, 0.726333192
安徽省,2015,12,50091,无为县金元典当有限公司, 0.000267991,-0.000741101,-0.0002119,-1.014971378, 1.609333333,-0.000211957, 0.0, 0.0, 0.0, 0.498342999, 0.0, 0.097721032, 0.672849331, 0.726333192
安徽省,2015,12,50308,安徽元通典当有限责任公司, 0.106613918, 0.011834502, 0.045242443,-0.539318024, 4.177437326, 0.037579473, 0.0, 0.0, 0.0, 0.888377676, 0.836480228, 0.097721032, 0.672849331, 0.726333192
安徽省,2015,12,82856,安徽运通典当有限公司, 0.016828956, 0.017127193, 0.000131143,-1.245398773, 2.183333333, 0.000133388, 0.0, 0.0, 0.0, 0.0, 0.0, 0.097721032, 0.672849331, 0.726333192
安徽省,2015,12,61740,宣城市银信典当有限责任公司, 0.001855252,-0.382584302,-0.000378623,-1.204081633, 3.38,-0.000379327, 0.0, 0.0, 0.0, 1.0, 0.0, 0.097721032, 0.672849331, 0.726333192
安徽省,2015,12,33491,宿州市中信典当有限责任公司, 0.001728349, 0.016070815, 0.018743981, 1.365938865, 0.866873333, 0.017307029, 0.0, 0.0, 0.0, 1.0, 0.0, 0.097721032, 0.672849331, 0.726333192
安徽省,2015,12,50118,芜湖盛合典当有限公司, 0.003096003,-0.009762694,-0.012236862,-5.141434263, 1.022,-0.012274865, 0.071428571, 0.0, 0.0, 0.963144162, 0.641878669, 0.097721032, 0.672849331, 0.726333192
安徽省,2015,12,50115,安徽鑫顺典当有限公司, 0.005828905, 0.010352373, 0.018043888,-0.658214286, 1.681266667, 0.013753952, 0.327605803, 0.0, 0.0, 0.943336373, 0.323624595, 0.097721032, 0.672849331, 0.726333192
安徽省,2015,12,524,合肥华盛典当有限责任公司, 0.016318169,-0.01294967, 0.00467895,-0.899303944, 1.133129213, 0.003498909, 0.0, 0.0, 0.0, 0.601974744, 0.725359469, 0.097721032, 0.672849331, 0.726333192
安徽省,2015,12,74195,安徽德润典当有限责任公司, 0.025793651, 0.04009434, 0.038548753,-0.113043478, 2.478125, 0.029677044, 0.0, 0.0, 0.0, 0.176544767, 1.0, 0.097721032, 0.672849331, 0.726333192
安徽省,2015,12,10103,安徽汇金典当有限公司, 0.01514843,-0.22285063, 0.04871825,-0.667946708, 2.6, 0.037113341, 0.0, 0.0, 0.0, 0.776923077, 0.940723689, 0.097721032, 0.672849331, 0.726333192
安徽省,2015,12,50821,安徽天盛元典当有限公司, 0.002264439,-0.072118943,-0.016942737,-1.346324945, 4.009833333,-0.017668838, 0.0, 0.0, 0.0, 0.236086288, 0.449438202, 0.097721032, 0.672849331, 0.726333192
安徽省,2015,12,67341,安徽南翔典当有限公司, 0.012799324,-0.184604844,-0.205030297,-1.798158869, 0.795565625,-0.153384669, 0.0, 0.0, 0.0, 0.370707162, 0.978680203, 0.097721032, 0.672849331, 0.726333192
安徽省,2015,12,82850,安徽江南金源典当有限公司, 0.005376699, 0.008851913, 0.008764349,-3.355496454, 0.250033333, 0.008811727, 0.0, 0.0, 0.0, 0.0, 0.0, 0.097721032, 0.672849331, 0.726333192
安徽省,2015,12,67040,安徽鼎诺典当有限公司, 0.0,-0.014120305,-0.00315096,-1.523809524, 0.0,-0.00315096, 0.0, 0.0, 0.0, 0.0, 0.0, 0.097721032, 0.672849331, 0.726333192
安徽省,2015,12,33516,合肥金龙典当有限责任公司, 0.09418725, 0.020905067, 0.047585686,-0.426938842, 2.517336, 0.038418912, 0.0, 0.0, 0.0, 0.800980084, 0.895442331, 0.097721032, 0.672849331, 0.726333192
安徽省,2015,12,74146,宁国鑫泰典当有限公司, 0.00091687, 0.011124845, 0.05806846,-0.432539683, 0.8, 0.043744264, 0.0, 0.0, 0.0, 0.622916667, 0.601503759, 0.097721032, 0.672849331, 0.726333192
安徽省,2015,12,90751,蒙城县宝瑞通典当有限公司, 0.006088794, 0.0, 0.000305747, 0.0, 1.0713, 0.00009884, 0.0, 0.0, 0.0, 0.998786521, 0.8, 0.097721032, 0.672849331, 0.726333192
安徽省,2015,12,632,安徽省金丰典当有限公司, 0.442837744, 0.187049866, 0.131009476, 0.195586403, 7.787, 0.174018909, 0.0, 0.0, 0.0, 0.37305766, 0.998430962, 0.097721032, 0.672849331, 0.726333192
安徽省,2015,12,90759,宿州金汇典当有限责任公司, 0.0, 0.0, 0.002374349, 0.0, 0.0, 0.00238, 0.0, 0.0, 0.0, 0.0, 0.0, 0.097721032, 0.672849331, 0.726333192
安徽省,2015,12,90849,阜南县汇丰典当有限公司, 0.000586245, 0.0, 0.000239827, 0.0, 1.894666667, 0.000179968, 0.0, 0.0, 0.0, 0.99859254, 0.0, 0.097721032, 0.672849331, 0.726333192
安徽省,2015,12,73988,安徽富国典当有限公司, 0.019928899,-0.149593023,-0.018513708,-0.015272727, 0.123333333,-0.018890168, 0.0, 0.0, 0.0, 1.0, 0.0, 0.097721032, 0.672849331, 0.726333192
安徽省,2015,12,82895,广德裕富典当有限公司, 0.004741323,-0.01969647,-0.0035663,-0.410896708, 0.08,-0.003583264, 0.0, 0.0, 0.0, 0.75, 0.0, 0.097721032, 0.672849331, 0.726333192
安徽省,2015,12,59631,六安市汇安典当有限责任公司, 0.010875737,-0.016025019,-0.007957664,-0.748629796, 0.96,-0.008045161, 0.0, 0.0, 0.718562874, 1.0, 0.958083832, 0.097721032, 0.672849331, 0.726333192
安徽省,2015,12,91003,太湖县中瑞典当有限公司, 0.001694321, 0.0,-0.010218468, 0.0, 0.06,-0.01023581, 0.0, 0.0, 0.0, 0.0, 0.0, 0.097721032, 0.672849331, 0.726333192
安徽省,2015,12,610,安徽正中典当有限责任公司, 0.015640907,-0.007846324, 0.004053679,-2.477234401, 0.9625, 0.004118477, 0.0, 0.0, 0.0, 0.416103896, 0.0, 0.097721032, 0.672849331, 0.726333192
安徽省,2015,12,67451,安徽汇安典当有限公司, 0.001629619,-0.000248356, 0.000367658,-0.83908046, 1.71798, 0.000278837, 0.019772785, 0.0, 0.0, 0.805003551, 0.0, 0.097721032, 0.672849331, 0.726333192
安徽省,2015,12,59619,蚌埠高新典当有限公司, 0.009873089, 0.031011745, 0.03191366, 10.767133382, 2.330947368, 0.032231889, 0.0, 0.0, 0.232720503, 0.248374277, 0.961538462, 0.097721032, 0.672849331, 0.726333192
安徽省,2015,12,82865,安徽金鹰典当有限公司  , 0.031225806, 0.056722116, 0.036769032, 1.212974552, 2.236555556, 0.028260522, 0.0, 0.0, 0.0, 0.714292811, 0.719360568, 0.097721032, 0.672849331, 0.726333192
安徽省,2015,12,3992,安徽金点典当有限责任公司, 0.002049252, 0.005761596, 0.014880363,-0.458486823, 1.63, 0.011148187, 0.0, 0.0, 0.0, 0.671779141, 0.0, 0.097721032, 0.672849331, 0.726333192
安徽省,2015,12,1995,安徽省太平洋典当有限公司, 0.02176047, 0.046819277, 0.066964175,-0.104031783, 4.17111, 0.051344537, 0.0, 0.0, 0.0, 0.789957589, 0.0, 0.097721032, 0.672849331, 0.726333192
安徽省,2015,12,650,合肥天润典当有限责任公司, 0.003079552, 0.001756466, 0.010787333, 0.311138015, 3.208, 0.009668952, 0.0, 0.0, 0.0, 0.332917706, 0.0, 0.097721032, 0.672849331, 0.726333192
安徽省,2015,12,82886,安徽元融典当有限公司, 0.016699411, 0.012935323, 0.000982318, 0.0, 1.8215, 0.0004995, 0.0, 0.0, 0.0, 0.927806753, 0.909090909, 0.097721032, 0.672849331, 0.726333192
安徽省,2015,12,59788,安徽汇银典当有限责任公司, 0.035308953, 0.025431034, 0.021017234,-0.454545455, 1.755, 0.015686275, 0.262931034, 0.0, 0.0, 0.284900285, 0.853658537, 0.097721032, 0.672849331, 0.726333192
安徽省,2015,12,10130,安徽鑫茂典当有限责任公司, 0.023681899,-0.012492402,-0.00891237,-1.647113594, 0.965482759,-0.009128552, 0.0, 0.0, 0.0, 0.820743598, 0.92254134, 0.097721032, 0.672849331, 0.726333192
安徽省,2015,12,66932,安徽通宝典当有限公司, 0.038565795,-0.045715349,-0.041389677,-2.353279868, 1.0,-0.043049932, 0.0, 0.0, 0.0, 0.0, 0.0, 0.097721032, 0.672849331, 0.726333192
安徽省,2015,12,50107,安徽恒泰典当有限责任公司, 0.060523135,-0.386833657,-0.003232246,-1.037243613, 3.313636364,-0.004488518, 0.0, 0.0, 0.0, 0.241426612, 0.681818182, 0.097721032, 0.672849331, 0.726333192
安徽省,2015,12,3985,安徽汇通典当有限公司, 0.310082126,-0.165408248, 0.002343622,-0.97042569, 4.691426174, 0.002525691, 0.0, 0.0, 0.0, 0.53453215, 0.513912139, 0.097721032, 0.672849331, 0.726333192
安徽省,2015,12,66966,池州上瑞典当有限公司, 0.160588088, 0.116051058, 0.025231247,-0.875676207, 8.443, 0.020861605, 0.0, 0.0, 0.0, 0.856686012, 1.013446329, 0.097721032, 0.672849331, 0.726333192
安徽省,2015,12,16220,淮南达裕典当有限责任公司, 0.00061627,-0.008553971,-0.008627773,-15.0, 4.662,-0.008633094, 0.0, 0.0, 0.0, 0.907764908, 0.0, 0.097721032, 0.672849331, 0.726333192
安徽省,2015,12,90943,安徽春晓典当有限责任公司, 0.000000254, 0.0,-0.016844035, 0.0, 0.00025,-0.016844039, 0.0, 0.0, 0.0, 0.0, 0.0, 0.097721032, 0.672849331, 0.726333192
安徽省,2015,12,73920,安徽省美利特典当有限责任公司, 0.0,-0.004697707,-0.004804284,-0.517627119, 0.0,-0.004804284, 0.0, 0.0, 0.0, 0.0, 0.0, 0.097721032, 0.672849331, 0.726333192
安徽省,2015,12,1994,淮南市通宝典当有限责任公司, 0.002109746,-0.079562984,-0.012461305,-1.764207981, 4.308247012,-0.012487651, 0.0, 0.0, 0.0, 0.96752268, 0.0, 0.097721032, 0.672849331, 0.726333192
安徽省,2015,12,33492,宣城市玉润典当有限责任公司, 0.002621565, 0.008036366, 0.001359692,-0.629893238, 0.477, 0.001019988, 0.0, 0.0, 0.0, 0.0, 1.0, 0.097721032, 0.672849331, 0.726333192
安徽省,2015,12,82854,安徽泰熙隆典当有限公司, 0.003269042,-0.020806658, 0.015364498, 0.09375, 1.322, 0.011479173, 0.0, 0.0, 0.0, 0.025970751, 0.0, 0.097721032, 0.672849331, 0.726333192
安徽省,2015,12,66956,阜阳市鸿德典当有限公司, 0.0, 0.037950664, 0.050274223,-0.293103448, 0.8561, 0.037580202, 0.0, 0.0, 0.0, 0.946735194, 0.0, 0.097721032, 0.672849331, 0.726333192
安徽省,2015,12,73907,安徽省盛丰典当有限公司, 0.006264243,-0.133429906,-0.013149675,-0.803453132, 0.527576667,-0.013232567, 0.0, 0.0, 0.0, 1.0, 0.788763718, 0.097721032, 0.672849331, 0.726333192
安徽省,2015,12,74212,安徽和顺典当有限公司, 0.002917076, 0.031904835, 0.054055731,-0.507822259, 2.648269231, 0.040660342, 0.0, 0.0, 0.0, 0.39024036, 0.0, 0.097721032, 0.672849331, 0.726333192
安徽省,2015,12,67434,安徽添富典当有限公司, 0.001290944,-0.011730077, 0.003332479,-0.937697842, 1.296, 0.001599146, 0.0, 0.0, 0.0, 0.270061728, 0.69124424, 0.097721032, 0.672849331, 0.726333192
安徽省,2015,12,50099,安徽浚洋典当有限责任公司, 0.000100725,-0.01561728,-0.014640983,-2.585987261, 1.18369697,-0.01530492, 0.0, 0.0, 0.0, 0.820797706, 0.818266462, 0.097721032, 0.672849331, 0.726333192
安徽省,2015,12,59800,凤台县正恒典当有限公司, 0.000454356, 0.003304969, 0.007591534,-0.857142857, 7.75732, 0.002841017, 0.0, 0.0, 0.0, 0.844621596, 0.0, 0.097721032, 0.672849331, 0.726333192
安徽省,2015,12,90766,安徽合惠典当有限公司, 0.000109932, 0.0, 0.000504223, 0.0, 1.0, 0.000504279, 0.791152672, 0.0, 0.0, 0.2, 0.0, 0.097721032, 0.672849331, 0.726333192
安徽省,2015,12,33609,安徽省旌德县佳润典当有限责任公司, 0.010556622, 0.000960615, 0.0,-1.0, 1.812127237, 0.0, 0.562874251, 0.0, 0.0, 0.496434449, 0.0, 0.097721032, 0.672849331, 0.726333192
安徽省,2015,12,59618,安徽名鎏典当有限责任公司, 0.009292862,-0.008468215,-0.006378197,-0.636657682, 1.0435,-0.006438024, 0.0, 0.0, 0.0, 0.742692861, 0.490322581, 0.097721032, 0.672849331, 0.726333192
安徽省,2015,12,1923,黄山国元典当有限公司, 0.035955727,-0.058310383, 0.124939217,-0.230978731, 3.57975, 0.097178798, 0.0, 0.0, 0.0, 0.432921293, 0.764845319, 0.097721032, 0.672849331, 0.726333192
安徽省,2015,12,600,巢湖中银典当有限责任公司, 0.047535211, 0.07068803,-0.026408451, 20.428571429, 1.387,-0.027726433, 0.0, 0.0, 0.0, 0.749819755, 0.0, 0.097721032, 0.672849331, 0.726333192
安徽省,2015,12,82828,黄山市国联典当有限公司,-0.2392088, 0.000878757,-0.016951871,-0.027131783, 0.783493333,-0.013679592, 0.0, 0.0, 0.0, 0.056158742, 0.0, 0.097721032, 0.672849331, 0.726333192
安徽省,2015,12,32317,安徽省铜陵市顺通典当有限责任公司, 0.000680177, 0.019238041, 0.029054399,-0.545029051, 5.821, 0.021803697, 0.0, 0.0, 0.0, 0.958769971, 0.0, 0.097721032, 0.672849331, 0.726333192
安徽省,2015,12,82827,安徽瑞驰典当有限责任公司, 0.009027764, 0.003317,-0.001047456,-2.095890411, 0.046022354,-0.001056999, 0.0, 0.0, 0.0, 0.0, 0.0, 0.097721032, 0.672849331, 0.726333192
安徽省,2015,12,50096,安徽金牛典当有限公司, 0.025448993,-0.121509497,-0.08653997, 5.554637681, 1.564666667,-0.088802278, 0.0, 0.0, 0.322303395, 0.35556029, 0.772237001, 0.097721032, 0.672849331, 0.726333192
安徽省,2015,12,16200,安徽国元典当有限公司, 0.507800402, 0.082112414, 0.068645061, 0.646539695, 5.528148, 0.10664211, 0.0, 0.0, 0.0, 0.33398129, 0.526505163, 0.097721032, 0.672849331, 0.726333192
安徽省,2015,12,32668,安徽兴业典当有限责任公司, 0.0,-0.018472906,-0.003136763,-1.208333333, 5.106,-0.003144654, 0.0, 0.0, 0.0, 0.677634156, 0.0, 0.097721032, 0.672849331, 0.726333192
安徽省,2015,12,61681,芜湖市企融典当有限公司, 0.055642511, 0.045662848, 0.060416341,-0.343537415, 1.897619048, 0.0479821, 0.0, 0.0, 0.0, 1.0, 0.992735198, 0.097721032, 0.672849331, 0.726333192
安徽省,2015,12,59644,无为县金鼎典当有限公司, 0.006345712,-0.003509843, 0.002182236,-0.78544542, 3.475, 0.001647129, 0.0, 0.0, 0.0, 0.955395683, 0.0, 0.097721032, 0.672849331, 0.726333192
安徽省,2015,12,61847,蒙城县金元典当有限责任公司, 0.06228145, 0.162538148, 0.147829221,-0.037110645, 14.2887, 0.093670889, 0.147601476, 0.0, 0.0, 0.657582565, 0.0, 0.097721032, 0.672849331, 0.726333192
安徽省,2015,12,61734,芜湖云阳典当有限公司, 0.006032172,-0.00665779, 0.0, 0.0, 1.026666667, 0.0, 0.0, 0.0, 0.0, 0.953246753, 0.0, 0.097721032, 0.672849331, 0.726333192
安徽省,2015,12,1910,安徽金鑫典当有限责任公司, 0.106781435,-0.011043368,-0.011283006,-0.675585284, 1.5662,-0.012631853, 0.0, 0.0, 0.0, 0.343506576, 0.949070632, 0.097721032, 0.672849331, 0.726333192
安徽省,2015,12,74022,安徽金寨县明鑫典当有限公司, 0.196974467, 0.172929025, 0.060695563,-0.292779503, 8.006, 0.056689258, 0.0, 0.0, 0.0, 0.850861854, 0.173913043, 0.097721032, 0.672849331, 0.726333192
安徽省,2015,12,50090,亳州药都典当有限公司, 0.144002965, 0.074672866, 0.128870046,-0.17057786, 12.555324, 0.108151266, 0.0, 0.0, 0.0, 0.730656095, 0.959, 0.097721032, 0.672849331, 0.726333192
安徽省,2015,12,82829,安徽同福典当有限公司, 0.011213636,-0.021040843, 0.006286979, 8.922580645, 1.64781, 0.005098557, 0.0, 0.0, 0.0, 0.0, 0.0, 0.097721032, 0.672849331, 0.726333192
安徽省,2015,12,67095,安徽金鼎典当有限公司, 0.014293469, 0.016113725, 0.001628453,-1.441597139, 1.18104, 0.001652067, 0.0, 0.0, 0.0, 0.005268426, 0.0, 0.097721032, 0.672849331, 0.726333192
安徽省,2015,12,82830,芜湖市龙跃典当有限公司, 0.004447115, 0.007202345, 0.012666644, 7.14893617, 6.377325, 0.009473163, 0.0, 0.0, 0.0, 0.491350213, 0.0, 0.097721032, 0.672849331, 0.726333192
安徽省,2015,12,33490,安徽佳信典当有限公司, 0.008293652, 0.005030199, 0.005964582,-0.581894737, 2.932857143, 0.004510848, 0.0, 0.0, 0.0, 0.813281377, 0.0, 0.097721032, 0.672849331, 0.726333192
安徽省,2015,12,67342,合肥皖通典当有限公司, 0.022602321,-0.356984417,-0.160694708,-0.423803522, 1.434132698,-0.123876946, 2.137656441, 0.807906465, 0.0, 0.388709021, 0.920650748, 0.097721032, 0.672849331, 0.726333192
安徽省,2015,12,74193,安徽巾帼典当有限公司, 0.123046919, 0.017792296, 0.050759922,-0.747418595, 1.354276, 0.043412146, 0.0, 0.0, 0.0, 0.400213841, 0.698113208, 0.097721032, 0.672849331, 0.726333192
安徽省,2015,12,16203,安徽东宝典当有限公司, 0.010866785, 0.011635374, 0.010288865, 4.325123153, 0.96755, 0.010354009, 0.0, 0.0, 0.0, 0.997364477, 0.0, 0.097721032, 0.672849331, 0.726333192
安徽省,2015,12,530,兴达典当有限公司, 0.501052927,-0.009972549, 0.036747157,-0.418948927, 3.950083333, 0.055219471, 0.0, 0.0, 0.0, 0.401890255, 0.889796416, 0.097721032, 0.672849331, 0.726333192
安徽省,2015,12,74214,安徽省坤昊典当行有限责任公司, 0.001221801, 0.0, 0.006616628, 0.0, 3.023566667, 0.006237624, 0.0, 0.0, 0.0, 0.33845238, 1.0, 0.097721032, 0.672849331, 0.726333192
安徽省,2015,12,1930,宁国市诚兴典当有限责任公司, 0.026784964,-0.007423716,-0.031497775, 0.051407589, 1.044665,-0.034882363, 0.0, 0.0, 0.0, 0.521530826, 0.0, 0.097721032, 0.672849331, 0.726333192
安徽省,2015,12,59792,安徽宝旺典当有限公司, 0.128720837,-0.02433281, 0.002413516,-0.428571429, 0.81, 0.001846722, 0.0, 0.0, 0.0, 0.012345679, 0.0, 0.097721032, 0.672849331, 0.726333192
安徽省,2015,12,10128,安徽省永诚典当有限责任公司, 0.002814115,-0.075112524,-0.064946812,-2.597449909, 1.312066667,-0.065130096, 0.0, 0.0, 0.0, 0.813805193, 0.0, 0.097721032, 0.672849331, 0.726333192
安徽省,2015,12,33789,安徽安源典当有限公司, 0.000314519,-0.018398456,-0.016186236, 0.130559028, 0.7793775,-0.016191329, 0.0, 0.0, 0.0, 0.465114787, 0.0, 0.097721032, 0.672849331, 0.726333192
安徽省,2015,12,66953,安徽华宝典当有限公司, 0.004691992,-0.019479539,-0.020061602, 0.583468395, 1.079,-0.020156174, 0.89626556, 0.0, 0.0, 0.759036145, 0.0, 0.097721032, 0.672849331, 0.726333192
安徽省,2015,12,90755,淮北鑫泰融信典当有限责任公司, 0.052649626, 0.0, 0.016253117, 0.0, 1.6, 0.012868941, 0.0, 0.0, 0.0, 0.3125, 0.866666667, 0.097721032, 0.672849331, 0.726333192
安徽省,2015,12,66951,安徽融丰典当有限责任公司, 0.067803082,-0.043886091,-0.051471596,-329.625, 4.994,-0.055225872, 4.882352941, 0.0, 0.0, 0.577492992, 0.0, 0.097721032, 0.672849331, 0.726333192
安徽省,2015,12,66949,宁国市松岭典当有限责任公司, 0.0,-0.030416147,-0.028961675,-3.652136007, 3.009901961,-0.02942599, 0.0, 0.0, 0.0, 0.413667307, 0.0, 0.097721032, 0.672849331, 0.726333192
安徽省,2015,12,83683,安庆市嘉和典当有限公司, 0.0, 0.076209739,-0.001506859,-5.619318182, 2.147777778,-0.001505556, 0.0, 0.0, 0.0, 0.793929988, 2.0551851, 0.097721032, 0.672849331, 0.726333192
安徽省,2015,12,59739,安徽顺昌典当有限公司, 0.007311112, 0.063255727, 0.077208673, 0.215720524, 4.845466667, 0.058332984, 0.0, 0.0, 0.0, 0.539060565, 0.0, 0.097721032, 0.672849331, 0.726333192
安徽省,2015,12,3991,合肥通宝典当有限公司, 0.003314486,-0.011562922, 0.001949698,-0.867647059, 2.526, 0.001760563, 0.0, 0.0, 0.0, 0.961203484, 0.0, 0.097721032, 0.672849331, 0.726333192
安徽省,2015,12,33497,芜湖生福典当有限公司, 0.000338395,-0.003542547,-0.002872379,-2.85237484, 1.232828,-0.002873352, 0.0, 0.0, 0.0, 0.872326067, 0.893561635, 0.097721032, 0.672849331, 0.726333192
安徽省,2015,12,3988,铜陵国元典当有限责任公司, 0.440699743, 0.104221016, 0.088632579,-0.315644323, 5.087912, 0.118778163, 0.0, 0.0, 0.0, 0.461859403, 0.788504807, 0.097721032, 0.672849331, 0.726333192
安徽省,2015,12,33518,安徽时代典当有限公司, 0.202899915,-0.002160842, 0.00640241,-0.787234043, 1.084545455, 0.005905977, 0.0, 0.0, 0.0, 1.0, 1.0, 0.097721032, 0.672849331, 0.726333192
安徽省,2015,12,74104,蚌埠金牛典当有限公司,-0.017800871,-0.124388909,-0.036805568,-1.195345242, 2.2025,-0.036282286, 0.0, 0.0, 0.203665988, 0.509648127, 0.679569892, 0.097721032, 0.672849331, 0.726333192
安徽省,2015,12,90785,安徽鑫盛典当有限公司, 0.001947085, 0.0, 0.004387431, 0.0, 0.413455258, 0.004396005, 0.0, 0.0, 0.0, 1.0, 0.338589212, 0.097721032, 0.672849331, 0.726333192
安徽省,2015,12,67093,枞阳县宇神典当有限公司, 0.002706441, 0.002173848, 0.000716411,-0.168831169, 0.36396, 0.000638544, 0.0, 0.0, 0.0, 0.741839763, 0.0, 0.097721032, 0.672849331, 0.726333192
安徽省,2015,12,66936,淮北市德融典当有限公司,-0.003136294,-0.02135568,-0.004954768,-1.0668167, 5.306666667,-0.004939277, 0.0, 0.0, 0.0, 0.782663317, 0.0, 0.097721032, 0.672849331, 0.726333192
安徽省,2015,12,50838,郎溪天力典当有限公司, 0.046531675,-0.054193012,-0.04368172,-24.336448598, 1.153374601,-0.046071811, 0.0, 0.0, 0.0, 0.559564412, 0.0, 0.097721032, 0.672849331, 0.726333192
安徽省,2015,12,67048,池州四通典当有限责任公司, 0.094501102, 0.110504679, 0.010117766, 0.35207824, 1.495, 0.008381232, 0.417085427, 0.0, 0.0, 0.799331104, 0.978417266, 0.097721032, 0.672849331, 0.726333192
安徽省,2015,12,90745,安徽世茂典当有限公司, 0.0, 0.0, 0.000248904, 0.0, 0.99565, 0.000183916, 1.009387302, 0.0, 0.0, 0.0, 0.0, 0.097721032, 0.672849331, 0.726333192
安徽省,2015,12,1925,芜湖金财典当有限责任公司, 0.01273264,-0.039772228, 0.124780845,-0.473817552, 8.720083333, 0.091715923, 0.021905295, 0.0, 0.0, 0.546539119, 1.060965016, 0.097721032, 0.672849331, 0.726333192
安徽省,2015,12,74029,安徽聚丰典当有限责任公司, 0.000998801, 0.001177974, 0.00019976, 8.090909091, 1.1968, 0.00019996, 0.0, 0.0, 0.0, 0.768716578, 0.0, 0.097721032, 0.672849331, 0.726333192
安徽省,2015,12,74207,安徽润马典当有限责任公司, 0.012001343,-0.058844967,-0.007089882,-1.094688839, 1.4157305,-0.007176003, 0.0, 0.0, 0.485502412, 0.902914432, 0.78721484, 0.097721032, 0.672849331, 0.726333192
安徽省,2015,12,50774,滁州国元典当有限责任公司, 0.522156556, 0.052352893,-0.010488933,-1.321902882, 2.7,-0.020043266, 0.0, 0.0, 0.0, 0.537037037, 1.0, 0.097721032, 0.672849331, 0.726333192
安徽省,2015,12,74197,芜湖亚夏典当有限公司, 0.035952134,-0.010376255, 0.086250658,-0.092006666, 0.74608, 0.067076746, 0.0, 0.0, 0.0, 0.335084709, 0.833333333, 0.097721032, 0.672849331, 0.726333192
安徽省,2015,12,16212,安徽省安庆市发投典当有限责任公司, 0.017144798, 0.015440219, 0.027110714,-0.693347631, 0.88, 0.02049194, 0.0, 0.0, 0.0, 0.935064935, 0.655723236, 0.097721032, 0.672849331, 0.726333192
安徽省,2015,12,83049,蒙城县民和典当有限公司, 0.026261704, 0.070829512, 0.047731141,-12.028585034, 6.1321875, 0.048431311, 0.190876351, 0.0, 0.0, 0.345360037, 0.0, 0.097721032, 0.672849331, 0.726333192
安徽省,2015,12,83684,岳西县万鑫典当有限公司, 0.117590822,-0.003809524, 0.015296367,-0.702702703, 8.045, 0.010638298, 0.0, 0.0, 0.0, 0.446861405, 0.0, 0.097721032, 0.672849331, 0.726333192
安徽省,2015,12,3984,安徽鼎益典当有限公司, 0.004604052,-0.033807829,-0.034069982, 1.846153846, 2.010185185,-0.034227567, 0.0, 0.0, 0.0, 0.281437126, 0.0, 0.097721032, 0.672849331, 0.726333192
安徽省,2015,12,16223,六安市钱通典当有限公司, 0.0,-0.023060797,-0.021459227, 0.111111111, 0.242,-0.021459227, 0.0, 0.0, 0.0, 0.090909091, 0.0, 0.097721032, 0.672849331, 0.726333192
安徽省,2015,12,522,安徽省经纬典当有限责任公司, 0.002772643,-0.024639423,-0.004004929,-1.8125, 1.0205,-0.004016064, 0.0, 0.0, 0.0, 1.0, 0.592885375, 0.097721032, 0.672849331, 0.726333192
安徽省,2015,12,617,马鞍山市紫金典当有限责任公司, 0.001715266,-0.023450586,-0.02058319,-4.0, 5.592,-0.020618557, 0.0, 0.0, 0.0, 0.055436338, 0.0, 0.097721032, 0.672849331, 0.726333192
安徽省,2015,12,32691,六安隆锦典当有限公司, 0.34015955, 0.102525933,-0.010689785, 0.008974647, 2.595337037,-0.01620056, 0.0, 0.0, 0.0, 0.730655121, 0.657267738, 0.097721032, 0.672849331, 0.726333192
安徽省,2015,12,528,芜湖市融通典当有限责任公司, 0.019417476,-0.001937984,-0.000407767, 6.0, 0.0,-0.000415184, 0.0, 0.0, 0.0, 0.0, 0.0, 0.097721032, 0.672849331, 0.726333192
安徽省,2015,12,82867,安徽鹏威典当有限公司, 0.000091869,-0.010082778, 0.000381456,-0.93460925, 0.9834, 0.000081891, 0.0, 0.0, 0.0, 1.0, 0.0, 0.097721032, 0.672849331, 0.726333192
安徽省,2015,12,83521,马鞍山市鸿泰典当有限公司, 0.001306265,-0.000240728, 0.020283225,-0.849880686, 1.669666667, 0.012513148, 0.0, 0.0, 0.0, 1.0, 0.544662309, 0.097721032, 0.672849331, 0.726333192
安徽省,2015,12,16218,淮北市互信典当有限公司, 0.023054643, 0.040444748, 0.064038994,-0.688222492, 4.0572, 0.048812542, 0.0, 0.0, 0.0, 0.533372769, 0.676229508, 0.097721032, 0.672849331, 0.726333192
安徽省,2015,12,82851,安徽信谊典当有限公司, 0.0,-0.004870206,-0.003623213,-0.649444081, 0.044,-0.003623213, 0.0, 0.0, 0.0, 0.651515152, 0.0, 0.097721032, 0.672849331, 0.726333192
安徽省,2015,12,50105,安庆国元典当有限责任公司, 0.540960883, 0.163410816, 0.083714424, 0.036675292, 6.7700275, 0.136701176, 0.0, 0.0, 0.0, 0.344828732, 0.509402455, 0.097721032, 0.672849331, 0.726333192
安徽省,2015,12,66946,安徽和庆典当有限责任公司, 0.300880866, 0.144371583,-0.005602281,-0.270430906, 1.02419,-0.00998617, 0.0, 0.0, 0.0, 0.0, 0.0, 0.097721032, 0.672849331, 0.726333192
安徽省,2015,12,74021,六安市迎鑫堂典当有限责任公司, 0.002337491, 0.0, 0.000293019, 0.0, 0.9, 0.000293705, 0.0, 0.0, 0.0, 0.562962963, 0.921052632, 0.097721032, 0.672849331, 0.726333192
安徽省,2015,12,50111,铜陵市金典典当有限责任公司, 0.233499271,-0.093655794,-0.022824314,-1.438178096, 0.6831,-0.029777289, 0.0, 0.0, 0.0, 0.5256917, 0.893636296, 0.097721032, 0.672849331, 0.726333192
安徽省,2015,12,83720,宿松县东洋典当有限责任公司, 0.015000743,-0.004625599,-0.006366652,-5.489932886, 1.0,-0.00672497, 0.0, 0.0, 0.0, 1.0, 0.906666667, 0.097721032, 0.672849331, 0.726333192
安徽省,2015,12,90777,滁州安通典当有限公司, 0.001528209, 0.0, 0.003183014, 0.0, 0.590909091, 0.003187915, 0.0, 0.0, 0.0, 0.0, 0.0, 0.097721032, 0.672849331, 0.726333192
安徽省,2015,12,16207,安徽金通典当有限公司, 0.058095238,-0.003322259,-0.0005,-1.08677686, 0.732,-0.000531377, 0.0, 0.0, 0.0, 0.278688525, 0.0, 0.097721032, 0.672849331, 0.726333192
安徽省,2015,12,82761,安徽宝利典当有限公司, 0.003410231, 0.0, 0.0, 0.0, 0.0, 0.0, 0.0, 0.0, 0.0, 0.0, 0.0, 0.097721032, 0.672849331, 0.726333192
安徽省,2015,12,82863,安徽国立典当有限公司  , 0.000065357, 0.0, 0.019580931, 0.0, 2.934986667, 0.014686658, 0.0, 0.0, 0.0, 0.999436681, 0.0, 0.097721032, 0.672849331, 0.726333192
安徽省,2015,12,73964,淮北市同创典当有限公司, 0.097461194, 0.01305054, 0.084324922, 6.746105403, 5.032, 0.069191346, 0.0, 0.0, 0.0, 1.0, 0.833287784, 0.097721032, 0.672849331, 0.726333192
安徽省,2015,12,82824,淮南徽鸿典当有限公司, 0.0,-0.004953293,-0.003608179,-3.096774194, 5.023333333,-0.004343178, 0.0, 0.0, 0.0, 0.930325149, 1.0, 0.097721032, 0.672849331, 0.726333192
安徽省,2015,12,90847,界首市鑫阳典当有限公司    , 0.0, 0.0,-0.035877688, 0.0, 0.3125,-0.0117625, 0.0, 0.0, 0.0, 0.0, 0.0, 0.097721032, 0.672849331, 0.726333192
安徽省,2015,12,83526,安徽鑫宏典当有限公司 , 0.003938529, 0.0, 0.038264669, 0.0, 2.463836478, 0.036312091, 0.0, 0.0, 0.0, 0.414167198, 1.0, 0.097721032, 0.672849331, 0.726333192
